{
    "storyId": 2,
    "title": "The Tortoise and the Hare",
    "pages": [
      {
      "page": 0,
      "image": "images/s2.jpeg",
      "sound": "audios/pageturn.mp3",
      "bgMusic": "audios/bg1.mp3",
      "narrationVolume": 1,
      "bgMusicVolume": 0.5
      },
      {
        "page": 1,
        "image": "images/s2.jpeg",
        "sound": "audios/pageturn.mp3",
        "bgMusic": "audios/bg1.mp3",
        "narration": "audios/s2.mp3",
        "narrationVolume": 1,
        "bgMusicVolume": 0.5
      },
      {
  "page": 2,
  "image": "images/s2-1.jpeg",
  "sound": "audios/pageturn.mp3",
  "bgMusic": "audios/bg4.mp3",
  "narration": "audios/s2-1.mp3",
  "narrationVolume": 1,
  "bgMusicVolume": 0.5
},
{
  "page": 3,
  "image": "images/s2-2.jpeg",
  "sound": "audios/pageturn.mp3",
  "bgMusic": "audios/bg4.mp3",
  "narration": "audios/s2-2.mp3",
  "narrationVolume": 1,
  "bgMusicVolume": 0.5
},
{
        "page": 4,
        "image": "images/s2-3.jpeg",
        "sound": "audios/pageturn.mp3",
        "bgMusic": "audios/bg4.mp3",
        "narration": "audios/s2-3.mp3",
        "narrationVolume": 1,
        "bgMusicVolume": 0.5
      },
      {
        "page": 5,
        "image": "images/s2-4.jpeg",
        "sound": "audios/pageturn.mp3",
        "bgMusic": "audios/bg1.mp3",
        "narration": "audioss2-4.mp3",
        "narrationVolume": 1,
        "bgMusicVolume": 0.5
      },
      {
        "page": 6,
        "image": "images/s2-4.jpeg",
        "sound": "audios/pageturn.mp3",
        "bgMusic": "audios/bg1.mp3",
        "narration": "audioss2-5.mp3",
        "narrationVolume": 1,
        "bgMusicVolume": 0.5
      },
      {
      "page": 7,
      "image": "images/s2.jpeg",
      "sound": "audios/pageturn.mp3",
      "bgMusic": "audios/bg1.mp3",
      "narrationVolume": 1,
      "bgMusicVolume": 0.5
        }
    ]
  }
