{
  "storyId": 5,
  "title": "The Ant and the Grasshopper",
  "pages": [
    {
      "page": 1,
      "image": "images/page-01.jpg",
      "sound": "audios/pageturn.mp3",
      "bgMusic": "audios/jungle.mp3",
      "narration": "audios/page1-audio.mp3",
      "narrationVolume": 1,
      "bgMusicVolume": 0.5
    },
    {
      "page": 2,
      "image": "images/page-02.jpg",
      "sound": "audios/pageturn.mp3",
      "bgMusic": "audios/jungle.mp3",
      "narration": "audios/page2-audio.mp3",
      "narrationVolume": 1,
      "bgMusicVolume": 0.5
    }
  ]
}